{
"lengthUnit": "mil",
"components": {
	"fields": ["COMPONENT_NO", "COMPONENT_NAME", "LAYER", "X_COORDINATE", "Y_COORDINATE", "ANGLE"],
	"rows": [
		[1, "C1", "T", 1100.98, 248.62, 180],
		[2, "C2", "T", 1102.75, 175.79, 180],
		[3, "C4", "T", -1172.44, 296.85, 270],
		[4, "C5", "T", -1400.78, 304.72, 0],
		[5, "C6", "T", -915.18, 383.74, 270],
		[6, "C7", "T", -995.39, 384.58, 270],
		[7, "C8", "T", -835.18, 383.74, 270],
		[8, "C9", "T", -755.18, 383.74, 270],
		[9, "C10", "T", -1106.43, -159.58, 0],
		[10, "C11", "T", -1106.04, -71.79, 0],
		[11, "C12", "T", -1251.76, 617.94, 180],
		[12, "C13", "T", -1420.7, 419.79, 90],
		[13, "C14", "T", 93.11, -438.98, 270],
		[14, "C15", "T", -256.89, -443.7, 270],
		[15, "C16", "T", -587.01, -437.6, 270],
		[16, "C26", "T", -558.43, 125.51, 180],
		[17, "C29", "T", -452.36, 259.84, 90],
		[18, "C30", "T", -608.09, 407.45, 270],
		[19, "C31", "T", -516.5, 407.84, 270],
		[20, "C32", "T", -400.79, -952.95, 270],
		[21, "C33", "T", -193.7, -776.18, 0],
		[22, "C34", "T", 1156.69, 635.83, 90],
		[23, "C35", "T", 525.97, 844.12, 180],
		[24, "C36", "T", 646.84, 389.49, 90],
		[25, "C37", "T", 689.76, 846.06, 0],
		[26, "C38", "T", 792.91, 518.5, 270],
		[27, "C39", "T", 540.94, 491.14, 180],
		[28, "C40", "T", 513.98, 699.8, 180],
		[29, "C41", "T", 813.47, 848.05, 0],
		[30, "C42", "T", 689.57, 709.84, 180],
		[31, "D1", "T", -455.71, -13.19, 270],
		[32, "D2", "T", -589.76, -12.6, 270],
		[33, "F1", "T", -1364.17, 190.16, 0],
		[34, "FPC2", "T", 1238.97, 796.26, 0],
		[35, "FPC3", "T", 722.64, 1003.74, 0],
		[36, "H1", "T", 94.44, -200.43, 180],
		[37, "H2", "T", -256.03, -200.43, 180],
		[38, "H3", "T", -588.2, -201.61, 180],
		[39, "H4", "T", -71.46, -680.71, 180],
		[40, "L1", "T", -798.03, 115.55, 270],
		[41, "L2", "T", -328.35, 290.55, 270],
		[42, "LED1", "T", -1375, -455, 33],
		[43, "LED2", "T", -1325, -515, 33],
		[44, "LED3", "T", -1275, -575, 33],
		[45, "LED4", "T", -1225, -635, 33],
		[46, "Q1", "T", 75.32, -897.23, 270],
		[47, "Q2", "T", 77.82, -1164.73, 90],
		[48, "R7", "T", 31.89, -1031.1, 270],
		[49, "R8", "T", 118.7, -1031.49, 90],
		[50, "R9", "T", 213.58, -966.34, 90],
		[51, "R10", "T", 213.78, -1155.9, 270],
		[52, "R11", "T", -1529.61, 165.08, 270],
		[53, "R12", "T", -1595.19, 164.81, 270],
		[54, "R13", "T", -974.15, -108.01, 270],
		[55, "R14", "T", -1275.59, 304.33, 180],
		[56, "R15", "T", -1421.42, 552.6, 270],
		[57, "R16", "T", 439.76, 390.16, 90],
		[58, "R17", "T", 509.45, 389.96, 90],
		[59, "R18", "T", 691.93, 777.16, 180],
		[60, "R19", "T", 579.34, 391.07, 90],
		[61, "R20", "T", 669.68, 490.35, 180],
		[62, "U2", "T", 775, -247.24, 270],
		[63, "U3", "T", -1226.76, 467.94, 90],
		[64, "U4", "T", -1094.09, 113.39, 270],
		[65, "U5", "B", -1170.08, 849.21, 270],
		[66, "U8", "T", -564.57, 232.68, 270],
		[67, "U10", "T", -670, -705, 329],
		[68, "U11", "T", 514.76, 594.68, 90],
		[69, "U12", "T", 691.34, 600.98, 90],
		[70, "U13", "T", -193.11, -1014.96, 270],
		[71, "USB1", "T", -1440, -100, 298],
		[72, "PAD1", "T", -1095.5, 107.45, 0],
		[73, "PAD1", "B", -1095.5, 107.45, 0],
		[74, "PAD2", "T", -1226.76, 467.94, 0],
		[75, "PAD2", "B", -1226.76, 467.94, 0]
	]
},
"pins": {
	"fields": ["PIN_NO", "PIN_NAME", "PIN_X", "PIN_Y", "LAYER", "PIN_TYPE", "NET_NAME", "NET_TYPE", "PAD_SHAPE", "PAD_SIZEX", "PAD_SIZEY", "HOLE_SIZE", "PAD_ANGLE"],
	"rows": [
		[1, "C1_1", 1128.54, 248.62, "T", "SMD", "GND", "GND", "R", 31.5, 35.43, 0, 180],
		[2, "C1_2", 1073.42, 248.62, "T", "SMD", "PW_D3R3V", "", "R", 31.5, 35.43, 0, 180],
		[3, "C2_1", 1130.31, 175.79, "T", "SMD", "GND", "GND", "R", 31.5, 35.43, 0, 180],
		[4, "C2_2", 1075.19, 175.79, "T", "SMD", "PW_D3R3V", "", "R", 31.5, 35.43, 0, 180],
		[5, "C4_1", -1172.44, 324.41, "T", "SMD", "GND", "GND", "R", 31.5, 35.43, 0, 270],
		[6, "C4_2", -1172.44, 269.29, "T", "SMD", "PW_USB5V", "", "R", 31.5, 35.43, 0, 270],
		[7, "C5_1", -1428.34, 304.72, "T", "SMD", "GND", "GND", "R", 31.5, 35.43, 0, 0],
		[8, "C5_2", -1373.22, 304.72, "T", "SMD", "$1N2610", "", "R", 31.5, 35.43, 0, 0],
		[9, "C6_1", -915.18, 423.11, "T", "SMD", "GND", "GND", "R", 55.51, 53.15, 0, 270],
		[10, "C6_2", -915.18, 344.37, "T", "SMD", "PW_5R0V", "", "R", 55.51, 53.15, 0, 270],
		[11, "C7_1", -995.39, 423.95, "T", "SMD", "GND", "GND", "R", 55.51, 53.15, 0, 270],
		[12, "C7_2", -995.39, 345.21, "T", "SMD", "PW_5R0V", "", "R", 55.51, 53.15, 0, 270],
		[13, "C8_1", -835.18, 423.11, "T", "SMD", "GND", "GND", "R", 55.51, 53.15, 0, 270],
		[14, "C8_2", -835.18, 344.37, "T", "SMD", "PW_5R0V", "", "R", 55.51, 53.15, 0, 270],
		[15, "C9_1", -755.18, 423.11, "T", "SMD", "GND", "GND", "R", 55.51, 53.15, 0, 270],
		[16, "C9_2", -755.18, 344.37, "T", "SMD", "PW_5R0V", "", "R", 55.51, 53.15, 0, 270],
		[17, "C10_1", -1145.8, -159.58, "T", "SMD", "GND", "GND", "R", 55.51, 53.15, 0, 0],
		[18, "C10_2", -1067.06, -159.58, "T", "SMD", "PW_BAT4R2V", "", "R", 55.51, 53.15, 0, 0],
		[19, "C11_1", -1145.41, -71.79, "T", "SMD", "GND", "GND", "R", 55.51, 53.15, 0, 0],
		[20, "C11_2", -1066.67, -71.79, "T", "SMD", "$1N2746", "", "R", 55.51, 53.15, 0, 0],
		[21, "C12_1", -1224.2, 617.94, "T", "SMD", "GND", "GND", "R", 31.5, 35.43, 0, 180],
		[22, "C12_2", -1279.32, 617.94, "T", "SMD", "$1N3817", "", "R", 31.5, 35.43, 0, 180],
		[23, "C13_1", -1420.7, 392.23, "T", "SMD", "$1N3817", "", "R", 31.5, 35.43, 0, 90],
		[24, "C13_2", -1420.7, 447.35, "T", "SMD", "$1N4029", "", "R", 31.5, 35.43, 0, 90],
		[25, "C14_1", 93.11, -333.86, "T", "SMD", "$1N4497", "", "R", 137.79, 47.24, 0, 270],
		[26, "C14_2", 93.11, -544.09, "T", "SMD", "GND", "GND", "R", 137.79, 47.24, 0, 270],
		[27, "C15_1", -256.89, -338.58, "T", "SMD", "$1N4497", "", "R", 137.79, 47.24, 0, 270],
		[28, "C15_2", -256.89, -548.81, "T", "SMD", "GND", "GND", "R", 137.79, 47.24, 0, 270],
		[29, "C16_1", -587.01, -332.48, "T", "SMD", "$1N4497", "", "R", 137.79, 47.24, 0, 270],
		[30, "C16_2", -587.01, -542.71, "T", "SMD", "GND", "GND", "R", 137.79, 47.24, 0, 270],
		[31, "C26_1", -530.87, 125.51, "T", "SMD", "GND", "GND", "R", 31.5, 35.43, 0, 180],
		[32, "C26_2", -585.99, 125.51, "T", "SMD", "PW_D5R0V", "", "R", 31.5, 35.43, 0, 180],
		[33, "C29_1", -452.36, 232.28, "T", "SMD", "$1N7965", "", "R", 31.5, 35.43, 0, 90],
		[34, "C29_2", -452.36, 287.4, "T", "SMD", "$1N7889", "", "R", 31.5, 35.43, 0, 90],
		[35, "C30_1", -608.09, 446.82, "T", "SMD", "GND", "GND", "R", 55.51, 53.15, 0, 270],
		[36, "C30_2", -608.09, 368.08, "T", "SMD", "PW_D3R3V", "", "R", 55.51, 53.15, 0, 270],
		[37, "C31_1", -516.5, 447.21, "T", "SMD", "GND", "GND", "R", 55.51, 53.15, 0, 270],
		[38, "C31_2", -516.5, 368.47, "T", "SMD", "PW_D3R3V", "", "R", 55.51, 53.15, 0, 270],
		[39, "C32_1", -400.79, -925.39, "T", "SMD", "GND", "GND", "R", 31.5, 35.43, 0, 270],
		[40, "C32_2", -400.79, -980.51, "T", "SMD", "$1N29688", "", "R", 31.5, 35.43, 0, 270],
		[41, "C33_1", -221.26, -776.18, "T", "SMD", "GND", "GND", "R", 31.5, 35.43, 0, 0],
		[42, "C33_2", -166.14, -776.18, "T", "SMD", "PW_D3R3V", "", "R", 31.5, 35.43, 0, 0],
		[43, "C34_1", 1156.69, 608.27, "T", "SMD", "GND", "GND", "R", 31.5, 35.43, 0, 90],
		[44, "C34_2", 1156.69, 663.39, "T", "SMD", "PW_D3R3V", "", "R", 31.5, 35.43, 0, 90],
		[45, "C35_1", 553.53, 844.12, "T", "SMD", "PW_A2R8V", "", "R", 31.5, 35.43, 0, 180],
		[46, "C35_2", 498.41, 844.12, "T", "SMD", "AGND", "", "R", 31.5, 35.43, 0, 180],
		[47, "C36_1", 646.84, 361.93, "T", "SMD", "$1N16794", "", "R", 31.5, 35.43, 0, 90],
		[48, "C36_2", 646.84, 417.05, "T", "SMD", "GND", "GND", "R", 31.5, 35.43, 0, 90],
		[49, "C37_1", 662.2, 846.06, "T", "SMD", "PW_D1R8V", "", "R", 31.5, 35.43, 0, 0],
		[50, "C37_2", 717.32, 846.06, "T", "SMD", "GND", "GND", "R", 31.5, 35.43, 0, 0],
		[51, "C38_1", 792.91, 546.06, "T", "SMD", "PW_D3R3V", "", "R", 31.5, 35.43, 0, 270],
		[52, "C38_2", 792.91, 490.94, "T", "SMD", "GND", "GND", "R", 31.5, 35.43, 0, 270],
		[53, "C39_1", 568.5, 491.14, "T", "SMD", "AGND", "", "R", 31.5, 35.43, 0, 180],
		[54, "C39_2", 513.38, 491.14, "T", "SMD", "PW_D3R3V", "", "R", 31.5, 35.43, 0, 180],
		[55, "C40_1", 541.54, 699.8, "T", "SMD", "AGND", "", "R", 31.5, 35.43, 0, 180],
		[56, "C40_2", 486.42, 699.8, "T", "SMD", "PW_A2R8V", "", "R", 31.5, 35.43, 0, 180],
		[57, "C41_1", 785.91, 848.05, "T", "SMD", "GND", "GND", "R", 31.5, 35.43, 0, 0],
		[58, "C41_2", 841.03, 848.05, "T", "SMD", "PW_D3R3V", "", "R", 31.5, 35.43, 0, 0],
		[59, "C42_1", 717.13, 709.84, "T", "SMD", "GND", "GND", "R", 31.5, 35.43, 0, 180],
		[60, "C42_2", 662.01, 709.84, "T", "SMD", "PW_D1R8V", "", "R", 31.5, 35.43, 0, 180],
		[61, "D1_1", -455.71, 47.83, "T", "SMD", "PW_D5R0V", "", "R", 39.37, 47.24, 0, 270],
		[62, "D1_2", -455.71, -74.21, "T", "SMD", "$1N4497", "", "R", 39.37, 47.24, 0, 270],
		[63, "D2_1", -589.76, 48.42, "T", "SMD", "PW_D5R0V", "", "R", 39.37, 47.24, 0, 270],
		[64, "D2_2", -589.76, -73.62, "T", "SMD", "PW_USB5V", "", "R", 39.37, 47.24, 0, 270],
		[65, "F1_1", -1421.06, 190.16, "T", "SMD", "$1N1968", "", "R", 46.85, 68.03, 0, 0],
		[66, "F1_2", -1307.28, 190.16, "T", "SMD", "PW_USB5V", "", "R", 46.85, 68.03, 0, 0],
		[67, "FPC2_1", 1170.07, 743.5, "T", "SMD", "PW_D3R3V", "", "R", 11.81, 51.18, 0, 0],
		[68, "FPC2_2", 1189.68, 743.56, "T", "SMD", "SDA", "", "R", 11.81, 51.18, 0, 0],
		[69, "FPC2_3", 1209.44, 743.5, "T", "SMD", "SCL", "", "R", 11.81, 51.18, 0, 0],
		[70, "FPC2_4", 1229.13, 743.5, "T", "SMD", "RESET", "", "R", 11.81, 51.18, 0, 0],
		[71, "FPC2_5", 1248.81, 743.5, "T", "SMD", "CS", "", "R", 11.81, 51.18, 0, 0],
		[72, "FPC2_6", 1268.5, 743.5, "T", "SMD", "D/C", "", "R", 11.81, 51.18, 0, 0],
		[73, "FPC2_7", 1288.18, 743.5, "T", "SMD", "BL", "", "R", 11.81, 51.18, 0, 0],
		[74, "FPC2_8", 1307.87, 743.5, "T", "SMD", "GND", "GND", "R", 11.81, 51.18, 0, 0],
		[75, "FPC2_9", 1374.79, 849.01, "T", "SMD", "GND", "GND", "R", 62.99, 78.74, 0, 270],
		[76, "FPC2_10", 1103.15, 849.01, "T", "SMD", "GND", "GND", "R", 62.99, 78.74, 0, 270],
		[77, "FPC3_1", 949.01, 941.76, "T", "SMD", "FPC3_1", "", "R", 11.81, 59.05, 0, 180],
		[78, "FPC3_2", 929.41, 941.7, "T", "SMD", "FPC3_2", "", "R", 11.81, 59.05, 0, 180],
		[79, "FPC3_3", 909.72, 941.7, "T", "SMD", "D2", "", "R", 11.81, 59.05, 0, 180],
		[80, "FPC3_4", 890.04, 941.7, "T", "SMD", "D1", "", "R", 11.81, 59.05, 0, 180],
		[81, "FPC3_5", 870.35, 941.7, "T", "SMD", "D3", "", "R", 11.81, 59.05, 0, 180],
		[82, "FPC3_6", 850.67, 941.7, "T", "SMD", "D0", "", "R", 11.81, 59.05, 0, 180],
		[83, "FPC3_7", 830.98, 941.7, "T", "SMD", "D4", "", "R", 11.81, 59.05, 0, 180],
		[84, "FPC3_8", 811.3, 941.7, "T", "SMD", "PCLK", "", "R", 11.81, 59.05, 0, 180],
		[85, "FPC3_9", 791.61, 941.7, "T", "SMD", "D5", "", "R", 11.81, 59.05, 0, 180],
		[86, "FPC3_10", 771.93, 941.7, "T", "SMD", "GND", "GND", "R", 11.81, 59.05, 0, 180],
		[87, "FPC3_11", 752.24, 941.7, "T", "SMD", "D6", "", "R", 11.81, 59.05, 0, 180],
		[88, "FPC3_12", 732.56, 941.7, "T", "SMD", "XCLK", "", "R", 11.81, 59.05, 0, 180],
		[89, "FPC3_13", 712.87, 941.7, "T", "SMD", "D7", "", "R", 11.81, 59.05, 0, 180],
		[90, "FPC3_14", 693.19, 941.7, "T", "SMD", "PW_D3R3V", "", "R", 11.81, 59.05, 0, 180],
		[91, "FPC3_15", 673.5, 941.7, "T", "SMD", "PW_D1R8V", "", "R", 11.81, 59.05, 0, 180],
		[92, "FPC3_16", 653.82, 941.7, "T", "SMD", "HSYNC", "", "R", 11.81, 59.05, 0, 180],
		[93, "FPC3_17", 634.13, 941.7, "T", "SMD", "$1N16623", "", "R", 11.81, 59.05, 0, 180],
		[94, "FPC3_18", 614.45, 941.7, "T", "SMD", "VSYNC", "", "R", 11.81, 59.05, 0, 180],
		[95, "FPC3_19", 594.76, 941.7, "T", "SMD", "$1N16794", "", "R", 11.81, 59.05, 0, 180],
		[96, "FPC3_20", 575.08, 941.7, "T", "SMD", "CSI_SCL", "", "R", 11.81, 59.05, 0, 180],
		[97, "FPC3_21", 555.39, 941.7, "T", "SMD", "PW_A2R8V", "", "R", 11.81, 59.05, 0, 180],
		[98, "FPC3_22", 535.71, 941.7, "T", "SMD", "CSI_SDA", "", "R", 11.81, 59.05, 0, 180],
		[99, "FPC3_23", 516.02, 941.7, "T", "SMD", "AGND", "", "R", 11.81, 59.05, 0, 180],
		[100, "FPC3_24", 496.34, 941.7, "T", "SMD", "FPC3_24", "", "R", 11.81, 59.05, 0, 180],
		[101, "FPC3_25", 1013.98, 1065.77, "T", "SMD", "GND", "GND", "R", 70.87, 78.74, 0, 180],
		[102, "FPC3_26", 431.3, 1065.77, "T", "SMD", "GND", "GND", "R", 70.87, 78.74, 0, 0],
		[103, "H1_1", 194.44, -200.43, "T", "DIP", "PWM1", "", "R", 66.93, 66.93, 43.31, 180],
		[104, "H1_1", 194.44, -200.43, "B", "DIP", "PWM1", "", "R", 66.93, 66.93, 43.31, 180],
		[105, "H1_2", 94.44, -200.43, "T", "DIP", "$1N4497", "", "C", 66.93, 66.93, 43.31, 180],
		[106, "H1_2", 94.44, -200.43, "B", "DIP", "$1N4497", "", "C", 66.93, 66.93, 43.31, 180],
		[107, "H1_3", -5.56, -200.43, "T", "DIP", "GND", "GND", "C", 66.93, 66.93, 43.31, 180],
		[108, "H1_3", -5.56, -200.43, "B", "DIP", "GND", "GND", "C", 66.93, 66.93, 43.31, 180],
		[109, "H2_1", -156.03, -200.43, "T", "DIP", "PWM2", "", "R", 66.93, 66.93, 43.31, 180],
		[110, "H2_1", -156.03, -200.43, "B", "DIP", "PWM2", "", "R", 66.93, 66.93, 43.31, 180],
		[111, "H2_2", -256.03, -200.43, "T", "DIP", "$1N4497", "", "C", 66.93, 66.93, 43.31, 180],
		[112, "H2_2", -256.03, -200.43, "B", "DIP", "$1N4497", "", "C", 66.93, 66.93, 43.31, 180],
		[113, "H2_3", -356.03, -200.43, "T", "DIP", "GND", "GND", "C", 66.93, 66.93, 43.31, 180],
		[114, "H2_3", -356.03, -200.43, "B", "DIP", "GND", "GND", "C", 66.93, 66.93, 43.31, 180],
		[115, "H3_1", -488.2, -201.61, "T", "DIP", "PWM3", "", "R", 66.93, 66.93, 43.31, 180],
		[116, "H3_1", -488.2, -201.61, "B", "DIP", "PWM3", "", "R", 66.93, 66.93, 43.31, 180],
		[117, "H3_2", -588.2, -201.61, "T", "DIP", "$1N4497", "", "C", 66.93, 66.93, 43.31, 180],
		[118, "H3_2", -588.2, -201.61, "B", "DIP", "$1N4497", "", "C", 66.93, 66.93, 43.31, 180],
		[119, "H3_3", -688.2, -201.61, "T", "DIP", "GND", "GND", "C", 66.93, 66.93, 43.31, 180],
		[120, "H3_3", -688.2, -201.61, "B", "DIP", "GND", "GND", "C", 66.93, 66.93, 43.31, 180],
		[121, "H4_1", 28.54, -680.71, "T", "DIP", "PWM4", "", "R", 66.93, 66.93, 43.31, 180],
		[122, "H4_1", 28.54, -680.71, "B", "DIP", "PWM4", "", "R", 66.93, 66.93, 43.31, 180],
		[123, "H4_2", -71.46, -680.71, "T", "DIP", "$1N4497", "", "C", 66.93, 66.93, 43.31, 180],
		[124, "H4_2", -71.46, -680.71, "B", "DIP", "$1N4497", "", "C", 66.93, 66.93, 43.31, 180],
		[125, "H4_3", -171.46, -680.71, "T", "DIP", "GND", "GND", "C", 66.93, 66.93, 43.31, 180],
		[126, "H4_3", -171.46, -680.71, "B", "DIP", "GND", "GND", "C", 66.93, 66.93, 43.31, 180],
		[127, "L1_1", -798.03, 233.66, "T", "SMD", "$1N2735", "", "R", 94.49, 125.98, 0, 270],
		[128, "L1_2", -798.03, -2.56, "T", "SMD", "PW_BAT4R2V", "", "R", 94.49, 125.98, 0, 270],
		[129, "L2_1", -328.35, 210.71, "T", "SMD", "$1N7965", "", "R", 55.12, 83.47, 0, 270],
		[130, "L2_2", -328.35, 370.39, "T", "SMD", "PW_D3R3V", "", "R", 55.12, 83.47, 0, 270],
		[131, "LED1_1", -1401.39, -472.15, "T", "SMD", "$1N3660", "", "R", 31.5, 31.5, 0, 123],
		[132, "LED1_2", -1348.61, -437.85, "T", "SMD", "$1N3684", "", "R", 31.5, 31.5, 0, 123],
		[133, "LED2_1", -1351.39, -532.15, "T", "SMD", "$1N3684", "", "R", 31.5, 31.5, 0, 123],
		[134, "LED2_2", -1298.61, -497.85, "T", "SMD", "$1N3660", "", "R", 31.5, 31.5, 0, 123],
		[135, "LED3_1", -1301.39, -592.15, "T", "SMD", "$1N3672", "", "R", 31.5, 31.5, 0, 123],
		[136, "LED3_2", -1248.61, -557.85, "T", "SMD", "$1N3684", "", "R", 31.5, 31.5, 0, 123],
		[137, "LED4_1", -1251.39, -652.15, "T", "SMD", "$1N3684", "", "R", 31.5, 31.5, 0, 123],
		[138, "LED4_2", -1198.61, -617.85, "T", "SMD", "$1N3672", "", "R", 31.5, 31.5, 0, 123],
		[139, "Q1_1", 37.92, -936.6, "T", "SMD", "$1N13558", "", "R", 49.21, 27.56, 0, 270],
		[140, "Q1_2", 112.72, -936.6, "T", "SMD", "RTS", "", "R", 49.21, 27.56, 0, 270],
		[141, "Q1_3", 75.32, -857.86, "T", "SMD", "EN", "", "R", 49.21, 27.56, 0, 270],
		[142, "Q2_1", 115.22, -1125.36, "T", "SMD", "$1N13559", "", "R", 49.21, 27.56, 0, 90],
		[143, "Q2_2", 40.42, -1125.36, "T", "SMD", "DTR", "", "R", 49.21, 27.56, 0, 90],
		[144, "Q2_3", 77.82, -1204.1, "T", "SMD", "IO0", "", "R", 49.21, 27.56, 0, 90],
		[145, "R7_1", 31.89, -1001.44, "T", "SMD", "$1N13558", "", "R", 31.75, 34.02, 0, 270],
		[146, "R7_2", 31.89, -1060.76, "T", "SMD", "DTR", "", "R", 31.75, 34.02, 0, 270],
		[147, "R8_1", 118.7, -1061.15, "T", "SMD", "$1N13559", "", "R", 31.75, 34.02, 0, 90],
		[148, "R8_2", 118.7, -1001.83, "T", "SMD", "RTS", "", "R", 31.75, 34.02, 0, 90],
		[149, "R9_1", 213.58, -996, "T", "SMD", "PW_D3R3V", "", "R", 31.75, 34.02, 0, 90],
		[150, "R9_2", 213.58, -936.68, "T", "SMD", "EN", "", "R", 31.75, 34.02, 0, 90],
		[151, "R10_1", 213.78, -1126.24, "T", "SMD", "PW_D3R3V", "", "R", 31.75, 34.02, 0, 270],
		[152, "R10_2", 213.78, -1185.56, "T", "SMD", "IO0", "", "R", 31.75, 34.02, 0, 270],
		[153, "R11_1", -1529.61, 194.74, "T", "SMD", "GND", "GND", "R", 31.75, 34.02, 0, 270],
		[154, "R11_2", -1529.61, 135.42, "T", "SMD", "$1N1969", "", "R", 31.75, 34.02, 0, 270],
		[155, "R12_1", -1595.19, 194.47, "T", "SMD", "GND", "GND", "R", 31.75, 34.02, 0, 270],
		[156, "R12_2", -1595.19, 135.15, "T", "SMD", "$1N1961", "", "R", 31.75, 34.02, 0, 270],
		[157, "R13_1", -974.15, -68.64, "T", "SMD", "$1N2746", "", "R", 44.59, 54.21, 0, 270],
		[158, "R13_2", -974.15, -147.38, "T", "SMD", "PW_BAT4R2V", "", "R", 44.59, 54.21, 0, 270],
		[159, "R14_1", -1245.93, 304.33, "T", "SMD", "PW_USB5V", "", "R", 31.75, 34.02, 0, 180],
		[160, "R14_2", -1305.25, 304.33, "T", "SMD", "$1N2610", "", "R", 31.75, 34.02, 0, 180],
		[161, "R15_1", -1421.42, 582.26, "T", "SMD", "PW_BAT4R2V", "", "R", 31.75, 34.02, 0, 270],
		[162, "R15_2", -1421.42, 522.94, "T", "SMD", "$1N4029", "", "R", 31.75, 34.02, 0, 270],
		[163, "R16_1", 439.76, 360.5, "T", "SMD", "CSI_SDA", "", "R", 31.75, 34.02, 0, 90],
		[164, "R16_2", 439.76, 419.82, "T", "SMD", "PW_D3R3V", "", "R", 31.75, 34.02, 0, 90],
		[165, "R17_1", 509.45, 360.3, "T", "SMD", "CSI_SCL", "", "R", 31.75, 34.02, 0, 90],
		[166, "R17_2", 509.45, 419.62, "T", "SMD", "PW_D3R3V", "", "R", 31.75, 34.02, 0, 90],
		[167, "R18_1", 721.59, 777.16, "T", "SMD", "GND", "GND", "R", 31.75, 34.02, 0, 180],
		[168, "R18_2", 662.27, 777.16, "T", "SMD", "$1N16623", "", "R", 31.75, 34.02, 0, 180],
		[169, "R19_1", 579.34, 361.41, "T", "SMD", "$1N16794", "", "R", 31.75, 34.02, 0, 90],
		[170, "R19_2", 579.34, 420.73, "T", "SMD", "PW_D3R3V", "", "R", 31.75, 34.02, 0, 90],
		[171, "R20_1", 699.34, 490.35, "T", "SMD", "GND", "GND", "R", 31.75, 34.02, 0, 180],
		[172, "R20_2", 640.02, 490.35, "T", "SMD", "AGND", "", "R", 31.75, 34.02, 0, 180],
		[173, "U2_1", 1125.19, 97.25, "T", "SMD", "GND", "GND", "R", 59.05, 35.43, 0, 270],
		[174, "U2_2", 1075.19, 97.25, "T", "SMD", "PW_D3R3V", "", "R", 59.05, 35.43, 0, 270],
		[175, "U2_3", 1025.19, 97.25, "T", "SMD", "EN", "", "R", 59.05, 35.43, 0, 270],
		[176, "U2_4", 975.19, 97.25, "T", "SMD", "PWM3", "", "R", 59.05, 35.43, 0, 270],
		[177, "U2_5", 925.19, 97.25, "T", "SMD", "D/C", "", "R", 59.05, 35.43, 0, 270],
		[178, "U2_6", 875.19, 97.25, "T", "SMD", "CS", "", "R", 59.05, 35.43, 0, 270],
		[179, "U2_7", 825.19, 97.25, "T", "SMD", "RESET", "", "R", 59.05, 35.43, 0, 270],
		[180, "U2_8", 775.19, 97.25, "T", "SMD", "SDA", "", "R", 59.05, 35.43, 0, 270],
		[181, "U2_9", 725.19, 97.25, "T", "SMD", "PCLK", "", "R", 59.05, 35.43, 0, 270],
		[182, "U2_10", 675.19, 97.25, "T", "SMD", "XCLK", "", "R", 59.05, 35.43, 0, 270],
		[183, "U2_11", 625.19, 97.25, "T", "SMD", "HSYNC", "", "R", 59.05, 35.43, 0, 270],
		[184, "U2_12", 575.19, 97.25, "T", "SMD", "VSYNC", "", "R", 59.05, 35.43, 0, 270],
		[185, "U2_13", 525.19, 97.25, "T", "SMD", "CSI_SCL", "", "R", 59.05, 35.43, 0, 270],
		[186, "U2_14", 475.19, 97.25, "T", "SMD", "CSI_SDA", "", "R", 59.05, 35.43, 0, 270],
		[187, "U2_15", 424.8, 27.76, "T", "SMD", "BL", "", "R", 59.05, 35.43, 0, 0],
		[188, "U2_16", 424.8, -22.24, "T", "SMD", "U2_16", "", "R", 59.05, 35.43, 0, 0],
		[189, "U2_17", 424.8, -72.24, "T", "SMD", "U2_17", "", "R", 59.05, 35.43, 0, 0],
		[190, "U2_18", 424.8, -122.24, "T", "SMD", "PWM4", "", "R", 59.05, 35.43, 0, 0],
		[191, "U2_19", 424.8, -172.24, "T", "SMD", "D0", "", "R", 59.05, 35.43, 0, 0],
		[192, "U2_20", 424.8, -222.24, "T", "SMD", "D1", "", "R", 59.05, 35.43, 0, 0],
		[193, "U2_21", 424.8, -272.24, "T", "SMD", "D2", "", "R", 59.05, 35.43, 0, 0],
		[194, "U2_22", 424.8, -322.24, "T", "SMD", "SCL", "", "R", 59.05, 35.43, 0, 0],
		[195, "U2_23", 424.8, -372.24, "T", "SMD", "U2_23", "", "R", 59.05, 35.43, 0, 0],
		[196, "U2_24", 424.8, -422.24, "T", "SMD", "U2_24", "", "R", 59.05, 35.43, 0, 0],
		[197, "U2_25", 424.8, -472.24, "T", "SMD", "U2_25", "", "R", 59.05, 35.43, 0, 0],
		[198, "U2_26", 425.98, -522.24, "T", "SMD", "U2_26", "", "R", 59.05, 35.43, 0, 0],
		[199, "U2_27", 475.19, -591.73, "T", "SMD", "IO0", "", "R", 59.05, 35.43, 0, 90],
		[200, "U2_28", 525.19, -591.73, "T", "SMD", "U2_28", "", "R", 59.05, 35.43, 0, 90],
		[201, "U2_29", 575.19, -591.73, "T", "SMD", "U2_29", "", "R", 59.05, 35.43, 0, 90],
		[202, "U2_30", 625.19, -591.73, "T", "SMD", "U2_30", "", "R", 59.05, 35.43, 0, 90],
		[203, "U2_31", 675.19, -591.73, "T", "SMD", "D3", "", "R", 59.05, 35.43, 0, 90],
		[204, "U2_32", 725.19, -591.73, "T", "SMD", "D4", "", "R", 59.05, 35.43, 0, 90],
		[205, "U2_33", 775.19, -591.73, "T", "SMD", "D5", "", "R", 59.05, 35.43, 0, 90],
		[206, "U2_34", 825.19, -591.73, "T", "SMD", "D6", "", "R", 59.05, 35.43, 0, 90],
		[207, "U2_35", 875.19, -591.73, "T", "SMD", "D7", "", "R", 59.05, 35.43, 0, 90],
		[208, "U2_36", 925.19, -591.73, "T", "SMD", "RXD", "", "R", 59.05, 35.43, 0, 90],
		[209, "U2_37", 975.19, -591.73, "T", "SMD", "TXD", "", "R", 59.05, 35.43, 0, 90],
		[210, "U2_38", 1025.19, -591.73, "T", "SMD", "PWM2", "", "R", 59.05, 35.43, 0, 90],
		[211, "U2_39", 1075.19, -591.73, "T", "SMD", "PWM1", "", "R", 59.05, 35.43, 0, 90],
		[212, "U2_40", 1125.19, -591.73, "T", "SMD", "GND", "GND", "R", 59.05, 35.43, 0, 90],
		[213, "U2_41", 821.25, -188.18, "T", "SMD", "GND", "GND", "R", 35.43, 35.43, 0, 0],
		[214, "U2_41", 821.25, -133.06, "T", "SMD", "GND", "GND", "R", 35.43, 35.43, 0, 0],
		[215, "U2_41", 821.25, -243.3, "T", "SMD", "GND", "GND", "R", 35.43, 35.43, 0, 0],
		[216, "U2_41", 876.37, -243.3, "T", "SMD", "GND", "GND", "R", 35.43, 35.43, 0, 0],
		[217, "U2_41", 876.37, -188.18, "T", "SMD", "GND", "GND", "R", 35.43, 35.43, 0, 0],
		[218, "U2_41", 876.37, -133.06, "T", "SMD", "GND", "GND", "R", 35.43, 35.43, 0, 0],
		[219, "U2_41", 766.13, -133.06, "T", "SMD", "GND", "GND", "R", 35.43, 35.43, 0, 0],
		[220, "U2_41", 766.13, -188.18, "T", "SMD", "GND", "GND", "R", 35.43, 35.43, 0, 0],
		[221, "U2_41", 766.13, -243.3, "T", "SMD", "GND", "GND", "R", 35.43, 35.43, 0, 0],
		[222, "U3_1", -1112.26, 392.94, "T", "SMD", "U3_1", "", "R", 23.62, 47.24, 0, 90],
		[223, "U3_2", -1112.26, 442.94, "T", "SMD", "GND", "GND", "R", 23.62, 47.24, 0, 90],
		[224, "U3_3", -1112.26, 492.94, "T", "SMD", "GND", "GND", "R", 23.62, 47.24, 0, 90],
		[225, "U3_4", -1112.26, 542.94, "T", "SMD", "GND", "GND", "R", 23.62, 47.24, 0, 90],
		[226, "U3_5", -1341.26, 542.94, "T", "SMD", "$1N3817", "", "R", 23.62, 47.24, 0, 90],
		[227, "U3_6", -1341.26, 492.94, "T", "SMD", "$1N4029", "", "R", 23.62, 47.24, 0, 90],
		[228, "U3_7", -1341.26, 442.94, "T", "SMD", "$1N3817", "", "R", 23.62, 47.24, 0, 90],
		[229, "U3_8", -1341.26, 392.94, "T", "SMD", "$1N3817", "", "R", 23.62, 47.24, 0, 90],
		[230, "U3_9", -1226.76, 467.94, "T", "SMD", "$1N3817", "", "R", 129.92, 94.49, 0, 270],
		[231, "U4_1", -1208.59, 188.39, "T", "SMD", "PW_USB5V", "", "R", 23.62, 47.24, 0, 270],
		[232, "U4_2", -1208.59, 138.39, "T", "SMD", "$1N3660", "", "R", 23.62, 47.24, 0, 270],
		[233, "U4_3", -1208.59, 88.39, "T", "SMD", "$1N3672", "", "R", 23.62, 47.24, 0, 270],
		[234, "U4_4", -1208.59, 38.39, "T", "SMD", "$1N3684", "", "R", 23.62, 47.24, 0, 270],
		[235, "U4_5", -979.59, 38.39, "T", "SMD", "U4_5", "", "R", 23.62, 47.24, 0, 270],
		[236, "U4_6", -979.59, 88.39, "T", "SMD", "$1N2746", "", "R", 23.62, 47.24, 0, 270],
		[237, "U4_7", -979.59, 138.39, "T", "SMD", "$1N2735", "", "R", 23.62, 47.24, 0, 270],
		[238, "U4_8", -979.59, 188.39, "T", "SMD", "PW_5R0V", "", "R", 23.62, 47.24, 0, 270],
		[239, "U4_9", -1094.09, 113.39, "T", "SMD", "GND", "GND", "R", 129.92, 94.49, 0, 90],
		[240, "U5_1", -1170.08, 949.21, "T", "DIP", "PW_BAT4R2V", "", "C", 118.11, 118.11, 70.08, 270],
		[241, "U5_1", -1170.08, 949.21, "B", "DIP", "PW_BAT4R2V", "", "C", 118.11, 118.11, 70.08, 270],
		[242, "U5_2", -1170.08, 749.21, "T", "DIP", "$1N3817", "", "C", 118.11, 118.11, 70.08, 270],
		[243, "U5_2", -1170.08, 749.21, "B", "DIP", "$1N3817", "", "C", 118.11, 118.11, 70.08, 270],
		[244, "U8_1", -611.81, 270.08, "T", "SMD", "PW_D3R3V", "", "R", 21.65, 43.31, 0, 90],
		[245, "U8_2", -611.81, 232.68, "T", "SMD", "PW_D5R0V", "", "R", 21.65, 43.31, 0, 90],
		[246, "U8_3", -611.81, 195.28, "T", "SMD", "PW_D5R0V", "", "R", 21.65, 43.31, 0, 90],
		[247, "U8_4", -517.33, 195.28, "T", "SMD", "GND", "GND", "R", 21.65, 43.31, 0, 90],
		[248, "U8_5", -517.33, 232.68, "T", "SMD", "$1N7965", "", "R", 21.65, 43.31, 0, 90],
		[249, "U8_6", -517.33, 270.08, "T", "SMD", "$1N7889", "", "R", 21.65, 43.31, 0, 90],
		[250, "U10_1", -769.21, -640.8, "T", "DIP", "PW_5R0V", "", "C", 78.74, 78.74, 47.24, 329],
		[251, "U10_1", -769.21, -640.8, "B", "DIP", "PW_5R0V", "", "C", 78.74, 78.74, 47.24, 329],
		[252, "U10_2", -667.97, -701.63, "T", "DIP", "$1N4497", "", "C", 78.74, 78.74, 47.24, 329],
		[253, "U10_2", -667.97, -701.63, "B", "DIP", "$1N4497", "", "C", 78.74, 78.74, 47.24, 329],
		[254, "U10_3", -566.73, -762.46, "T", "DIP", "U10_3", "", "C", 78.74, 78.74, 47.24, 329],
		[255, "U10_3", -566.73, -762.46, "B", "DIP", "U10_3", "", "C", 78.74, 78.74, 47.24, 329],
		[256, "U10_4", -456.05, -838.15, "T", "DIP", "GND", "GND", "C", 78.74, 78.74, 47.24, 329],
		[257, "U10_4", -456.05, -838.15, "B", "DIP", "GND", "GND", "C", 78.74, 78.74, 47.24, 329],
		[258, "U10_5", -888.01, -578.6, "T", "DIP", "GND", "GND", "C", 78.74, 78.74, 47.24, 329],
		[259, "U10_5", -888.01, -578.6, "B", "DIP", "GND", "GND", "C", 78.74, 78.74, 47.24, 329],
		[260, "U11_1", 552.16, 634.05, "T", "SMD", "AGND", "", "R", 49.21, 27.56, 0, 90],
		[261, "U11_2", 477.36, 634.05, "T", "SMD", "PW_A2R8V", "", "R", 49.21, 27.56, 0, 90],
		[262, "U11_3", 514.76, 555.31, "T", "SMD", "PW_D3R3V", "", "R", 49.21, 27.56, 0, 90],
		[263, "U12_1", 728.74, 649.61, "T", "SMD", "GND", "GND", "R", 42.13, 23.62, 0, 90],
		[264, "U12_2", 653.94, 649.61, "T", "SMD", "PW_D1R8V", "", "R", 42.13, 23.62, 0, 90],
		[265, "U12_3", 691.34, 552.36, "T", "SMD", "PW_D3R3V", "", "R", 42.13, 23.62, 0, 90],
		[266, "U13_1", -306.2, -839.96, "T", "SMD", "GND", "GND", "O", 22.05, 68.7, 0, 270],
		[267, "U13_2", -306.2, -889.96, "T", "SMD", "RXD", "", "O", 22.05, 68.7, 0, 270],
		[268, "U13_3", -306.2, -939.96, "T", "SMD", "TXD", "", "O", 22.05, 68.7, 0, 270],
		[269, "U13_4", -306.2, -989.96, "T", "SMD", "$1N29688", "", "O", 22.05, 68.7, 0, 270],
		[270, "U13_5", -306.2, -1039.96, "T", "SMD", "D+", "", "O", 22.05, 68.7, 0, 270],
		[271, "U13_6", -306.2, -1089.96, "T", "SMD", "D-", "", "O", 22.05, 68.7, 0, 270],
		[272, "U13_7", -306.2, -1139.96, "T", "SMD", "U13_7", "", "O", 22.05, 68.7, 0, 270],
		[273, "U13_8", -306.2, -1189.96, "T", "SMD", "U13_8", "", "O", 22.05, 68.7, 0, 270],
		[274, "U13_9", -80.02, -1189.96, "T", "SMD", "U13_9", "", "O", 22.05, 68.7, 0, 270],
		[275, "U13_10", -80.02, -1139.96, "T", "SMD", "U13_10", "", "O", 22.05, 68.7, 0, 270],
		[276, "U13_11", -80.02, -1089.96, "T", "SMD", "U13_11", "", "O", 22.05, 68.7, 0, 270],
		[277, "U13_12", -80.02, -1039.96, "T", "SMD", "U13_12", "", "O", 22.05, 68.7, 0, 270],
		[278, "U13_13", -80.02, -989.96, "T", "SMD", "DTR", "", "O", 22.05, 68.7, 0, 270],
		[279, "U13_14", -80.02, -939.96, "T", "SMD", "RTS", "", "O", 22.05, 68.7, 0, 270],
		[280, "U13_15", -80.02, -889.96, "T", "SMD", "U13_15", "", "O", 22.05, 68.7, 0, 270],
		[281, "U13_16", -80.02, -839.96, "T", "SMD", "PW_D3R3V", "", "O", 22.05, 68.7, 0, 270],
		[282, "USB1_1", -1458.49, 82.8, "T", "DIP", "GND", "GND", "O", 47.24, 78.74, 66.93, 298],
		[283, "USB1_1", -1458.49, 82.8, "B", "DIP", "GND", "GND", "O", 47.24, 78.74, 66.93, 298],
		[284, "USB1_2", -1298.8, -217.55, "T", "DIP", "GND", "GND", "O", 47.24, 78.74, 66.93, 298],
		[285, "USB1_2", -1298.8, -217.55, "B", "DIP", "GND", "GND", "O", 47.24, 78.74, 66.93, 298],
		[286, "USB1_3", -1603.8, 5.53, "T", "DIP", "GND", "GND", "O", 47.24, 70.87, 55.12, 298],
		[287, "USB1_3", -1603.8, 5.53, "B", "DIP", "GND", "GND", "O", 47.24, 70.87, 55.12, 298],
		[288, "USB1_4", -1444.1, -294.81, "T", "DIP", "GND", "GND", "O", 47.24, 70.87, 55.12, 298],
		[289, "USB1_4", -1444.1, -294.81, "B", "DIP", "GND", "GND", "O", 47.24, 70.87, 55.12, 298],
		[290, "USB1_A1", -1417.96, 61.09, "T", "SMD", "GND", "GND", "R", 11.81, 51.18, 0, 298],
		[291, "USB1_A12", -1294.12, -171.81, "T", "SMD", "GND", "GND", "R", 11.81, 51.18, 0, 298],
		[292, "USB1_A4", -1403.17, 33.28, "T", "SMD", "$1N1968", "", "R", 11.81, 51.18, 0, 298],
		[293, "USB1_A5", -1379.14, -11.91, "T", "SMD", "$1N1969", "", "R", 11.81, 51.18, 0, 298],
		[294, "USB1_A6", -1360.66, -46.67, "T", "SMD", "D+", "", "R", 11.81, 51.18, 0, 298],
		[295, "USB1_A7", -1351.42, -64.05, "T", "SMD", "D-", "", "R", 11.81, 51.18, 0, 298],
		[296, "USB1_A8", -1332.95, -98.8, "T", "SMD", "USB1_A8", "", "R", 11.81, 51.18, 0, 298],
		[297, "USB1_A9", -1308.91, -144.01, "T", "SMD", "$1N1968", "", "R", 11.81, 51.18, 0, 298],
		[298, "USB1_B1", -1299.67, -161.38, "T", "SMD", "GND", "GND", "R", 11.81, 51.18, 0, 298],
		[299, "USB1_B12", -1412.41, 50.67, "T", "SMD", "GND", "GND", "R", 11.81, 51.18, 0, 298],
		[300, "USB1_B4", -1314.46, -133.57, "T", "SMD", "$1N1968", "", "R", 11.81, 51.18, 0, 298],
		[301, "USB1_B5", -1323.69, -116.19, "T", "SMD", "$1N1961", "", "R", 11.81, 51.18, 0, 298],
		[302, "USB1_B6", -1342.18, -81.43, "T", "SMD", "D+", "", "R", 11.81, 51.18, 0, 298],
		[303, "USB1_B7", -1369.9, -29.28, "T", "SMD", "D-", "", "R", 11.81, 51.18, 0, 298],
		[304, "USB1_B8", -1388.4, 5.47, "T", "SMD", "USB1_B8", "", "R", 11.81, 51.18, 0, 298],
		[305, "USB1_B9", -1397.63, 22.85, "T", "SMD", "$1N1968", "", "R", 11.81, 51.18, 0, 298],
		[306, "PAD1_1", -1095.5, 107.45, "T", "DIP", "GND", "GND", "C", 60, 60, 36, 0],
		[307, "PAD1_1", -1095.5, 107.45, "B", "DIP", "GND", "GND", "C", 60, 60, 36, 0],
		[308, "PAD2_2", -1226.76, 467.94, "T", "DIP", "$1N3817", "", "C", 60, 60, 36, 0],
		[309, "PAD2_2", -1226.76, 467.94, "B", "DIP", "$1N3817", "", "C", 60, 60, 36, 0]
	]
}
}